{
  "total_jumps": 46,
  "total_edges": 46,
  "threshold": 20.0,
  "avg_pressure": 41023924.841821484,
  "max_pressure": 1418113181.4275424
}